"Model no","Display Name","Date Created","Date Received","Item name","Quantity Received","Unit Cost","Extended Cost","Retail Price","Extended retail","Gross Margin %",Size,"Product No"
38543202," RW HOOD VAULT 1983 GRY SM",1/3/2023,1/30/2023,"315 - Hooded Sweat Adult",6,39.27,235.62,84.99,509.94,0.537945641,SM,385432
38543203," RW HOOD VAULT 1983 GRY MED",1/3/2023,1/30/2023,"315 - Hooded Sweat Adult",18,39.27,706.86,84.99,1529.82,0.537945641,MED,385432
38543204," RW HOOD VAULT 1983 GRY LG",1/3/2023,1/30/2023,"315 - Hooded Sweat Adult",24,39.27,942.48,84.99,2039.76,0.537945641,LG,385432
38543205," RW HOOD VAULT 1983 GRY XL",1/3/2023,1/30/2023,"315 - Hooded Sweat Adult",18,39.27,706.86,84.99,1529.82,0.537945641,XL,385432
38543206," RW HOOD VAULT 1983 GRY XXL",1/3/2023,1/30/2023,"315 - Hooded Sweat Adult",6,39.27,235.62,84.99,509.94,0.537945641,XXL,385432
75573204," HOOD SWEAT CHAR LG",1/26/2023,2/8/2023,"315 - Hooded Sweat Adult",24,25.05,601.2,54.99,1319.76,0.54446263,LG,755732
75573206," HOOD SWEAT CHAR XXL",1/26/2023,2/8/2023,"315 - Hooded Sweat Adult",12,25.05,300.6,54.99,659.88,0.54446263,XXL,755732
75613203," HOOD SWEAT   CHAR MED",1/26/2023,2/8/2023,"315 - Hooded Sweat Adult",24,25.05,601.2,54.99,1319.76,0.54446263,MED,756132
75613204," HOOD SWEAT   CHAR LG",1/26/2023,2/8/2023,"315 - Hooded Sweat Adult",24,25.05,601.2,54.99,1319.76,0.54446263,LG,756132
75613205," HOOD SWEAT   CHAR XL",1/26/2023,2/8/2023,"315 - Hooded Sweat Adult",24,25.05,601.2,54.99,1319.76,0.54446263,XL,756132
75633204," HOOD SWEAT   OXFORD GRY LG",1/26/2023,2/8/2023,"315 - Hooded Sweat Adult",24,25.05,601.2,54.99,1319.76,0.54446263,LG,756332
75633206," HOOD SWEAT   OXFORD GRY XXL",1/26/2023,2/8/2023,"315 - Hooded Sweat Adult",6,25.05,150.3,54.99,329.94,0.54446263,XXL,756332
75593504," HOOD SWEAT WHT LG",2/14/2023,2/14/2023,"315 - Hooded Sweat Adult",0,25.06,0,54.99,0,0.544280778,LG,755935
75563002," HOOD SWEAT BLK  SM",2/14/2023,2/21/2023,"315 - Hooded Sweat Adult",12,25.06,300.72,54.99,659.88,0.544280778,SM,755630
75563003," HOOD SWEAT BLK  MED",2/14/2023,2/21/2023,"315 - Hooded Sweat Adult",18,25.06,451.08,54.99,989.82,0.544280778,MED,755630
75563004," HOOD SWEAT BLK  LG",2/14/2023,2/21/2023,"315 - Hooded Sweat Adult",18,25.06,451.08,54.99,989.82,0.544280778,LG,755630
75573202," HOOD SWEAT CHAR SM",2/14/2023,2/21/2023,"315 - Hooded Sweat Adult",12,25.06,300.72,54.99,659.88,0.544280778,SM,755732
75573203," HOOD SWEAT CHAR MED",2/14/2023,2/21/2023,"315 - Hooded Sweat Adult",24,25.06,601.44,54.99,1319.76,0.544280778,MED,755732
75573205," HOOD SWEAT CHAR XL",2/14/2023,2/21/2023,"315 - Hooded Sweat Adult",12,25.06,300.72,54.99,659.88,0.544280778,XL,755732
75586002," HOOD SWEAT RED SM",2/14/2023,2/21/2023,"315 - Hooded Sweat Adult",18,25.06,451.08,54.99,989.82,0.544280778,SM,755860
75586003," HOOD SWEAT RED MED",2/14/2023,2/21/2023,"315 - Hooded Sweat Adult",24,25.06,601.44,54.99,1319.76,0.544280778,MED,755860
75586004," HOOD SWEAT RED LG",2/14/2023,2/21/2023,"315 - Hooded Sweat Adult",24,25.06,601.44,54.99,1319.76,0.544280778,LG,755860
75593502," HOOD SWEAT WHT SM",2/14/2023,2/21/2023,"315 - Hooded Sweat Adult",24,25.06,601.44,54.99,1319.76,0.544280778,SM,755935
75593503," HOOD SWEAT WHT MED",2/14/2023,2/21/2023,"315 - Hooded Sweat Adult",12,25.06,300.72,54.99,659.88,0.544280778,MED,755935
75603002," HOOD SWEAT BLACK SM",2/14/2023,2/21/2023,"315 - Hooded Sweat Adult",24,25.05,601.2,54.99,1319.76,0.54446263,SM,756030
75603003," HOOD SWEAT BLACK MED",2/14/2023,2/21/2023,"315 - Hooded Sweat Adult",12,25.05,300.6,54.99,659.88,0.54446263,MED,756030
75603004," HOOD SWEAT BLACK LG",2/14/2023,2/21/2023,"315 - Hooded Sweat Adult",12,25.05,300.6,54.99,659.88,0.54446263,LG,756030
75603005," HOOD SWEAT BLACK XL",2/14/2023,2/21/2023,"315 - Hooded Sweat Adult",12,25.05,300.6,54.99,659.88,0.54446263,XL,756030
75603006," HOOD SWEAT BLACK XXL",2/14/2023,2/21/2023,"315 - Hooded Sweat Adult",6,25.05,150.3,54.99,329.94,0.54446263,XXL,756030
75626002," HOOD SWEAT   RED SM",2/14/2023,2/21/2023,"315 - Hooded Sweat Adult",12,25.06,300.72,54.99,659.88,0.544280778,SM,756260
75626003," HOOD SWEAT   RED MED",2/14/2023,2/21/2023,"315 - Hooded Sweat Adult",24,25.06,601.44,54.99,1319.76,0.544280778,MED,756260
75563004," HOOD SWEAT BLK  LG",2/28/2023,2/28/2023,"315 - Hooded Sweat Adult",0,25.05,0,54.99,0,0.54446263,LG,755630
75563006," HOOD SWEAT BLK  XXL",2/28/2023,2/28/2023,"315 - Hooded Sweat Adult",0,25.05,0,54.99,0,0.54446263,XXL,755630
75563002," HOOD SWEAT BLK  SM",2/28/2023,3/20/2023,"315 - Hooded Sweat Adult",12,25.06,300.72,54.99,659.88,0.544280778,SM,755630
75563003," HOOD SWEAT BLK  MED",2/28/2023,3/20/2023,"315 - Hooded Sweat Adult",18,25.06,451.08,54.99,989.82,0.544280778,MED,755630
75563005," HOOD SWEAT BLK  XL",2/28/2023,3/20/2023,"315 - Hooded Sweat Adult",12,25.06,300.72,54.99,659.88,0.544280778,XL,755630
75563006," HOOD SWEAT BLK  XXL",2/28/2023,3/20/2023,"315 - Hooded Sweat Adult",6,25.06,150.36,54.99,329.94,0.544280778,XXL,755630
75613204," HOOD SWEAT   CHAR LG",2/28/2023,3/20/2023,"315 - Hooded Sweat Adult",18,26.27,472.86,54.99,989.82,0.522276778,LG,756132
75613205," HOOD SWEAT   CHAR XL",2/28/2023,3/20/2023,"315 - Hooded Sweat Adult",12,26.27,315.24,54.99,659.88,0.522276778,XL,756132
75613206," HOOD SWEAT   CHAR XXL",2/28/2023,3/20/2023,"315 - Hooded Sweat Adult",6,26.27,157.62,54.99,329.94,0.522276778,XXL,756132
75633204," HOOD SWEAT   OXFORD GRY LG",2/28/2023,3/20/2023,"315 - Hooded Sweat Adult",18,25.05,450.9,54.99,989.82,0.54446263,LG,756332
75633205," HOOD SWEAT   OXFORD GRY XL",2/28/2023,3/20/2023,"315 - Hooded Sweat Adult",12,25.05,300.6,54.99,659.88,0.54446263,XL,756332
75633206," HOOD SWEAT   OXFORD GRY XXL",2/28/2023,3/20/2023,"315 - Hooded Sweat Adult",6,25.05,150.3,54.99,329.94,0.54446263,XXL,756332
75573204," HOOD SWEAT CHAR LG",2/28/2023,3/24/2023,"315 - Hooded Sweat Adult",6,25.06,150.36,54.99,329.94,0.544280778,LG,755732
75573205," HOOD SWEAT CHAR XL",2/28/2023,3/24/2023,"315 - Hooded Sweat Adult",12,25.06,300.72,54.99,659.88,0.544280778,XL,755732
75603004," HOOD SWEAT BLACK LG",2/28/2023,3/24/2023,"315 - Hooded Sweat Adult",18,25.05,450.9,54.99,989.82,0.54446263,LG,756030
75563003," HOOD SWEAT BLK  MED",3/28/2023,4/5/2023,"315 - Hooded Sweat Adult",18,25.06,451.08,54.99,989.82,0.544280778,MED,755630
75563004," HOOD SWEAT BLK  LG",3/28/2023,4/5/2023,"315 - Hooded Sweat Adult",18,25.06,451.08,54.99,989.82,0.544280778,LG,755630
75563005," HOOD SWEAT BLK  XL",3/28/2023,4/5/2023,"315 - Hooded Sweat Adult",12,25.06,300.72,54.99,659.88,0.544280778,XL,755630
75573203," HOOD SWEAT CHAR MED",3/28/2023,4/5/2023,"315 - Hooded Sweat Adult",12,25.06,300.72,54.99,659.88,0.544280778,MED,755732
75573205," HOOD SWEAT CHAR XL",3/28/2023,4/5/2023,"315 - Hooded Sweat Adult",12,25.06,300.72,54.99,659.88,0.544280778,XL,755732
75586002," HOOD SWEAT RED SM",3/28/2023,4/5/2023,"315 - Hooded Sweat Adult",12,25.06,300.72,54.99,659.88,0.544280778,SM,755860
75586003," HOOD SWEAT RED MED",3/28/2023,4/5/2023,"315 - Hooded Sweat Adult",12,25.06,300.72,54.99,659.88,0.544280778,MED,755860
75586004," HOOD SWEAT RED LG",3/28/2023,4/5/2023,"315 - Hooded Sweat Adult",12,25.06,300.72,54.99,659.88,0.544280778,LG,755860
75586005," HOOD SWEAT RED XL",3/28/2023,4/5/2023,"315 - Hooded Sweat Adult",12,25.06,300.72,54.99,659.88,0.544280778,XL,755860
75593502," HOOD SWEAT WHT SM",3/28/2023,4/5/2023,"315 - Hooded Sweat Adult",12,25.06,300.72,54.99,659.88,0.544280778,SM,755935
75593505," HOOD SWEAT WHT XL",3/28/2023,4/5/2023,"315 - Hooded Sweat Adult",12,25.06,300.72,54.99,659.88,0.544280778,XL,755935
75593506," HOOD SWEAT WHT XXL",3/28/2023,4/5/2023,"315 - Hooded Sweat Adult",6,25.06,150.36,54.99,329.94,0.544280778,XXL,755935
75603002," HOOD SWEAT BLACK SM",3/28/2023,4/5/2023,"315 - Hooded Sweat Adult",12,25.05,300.6,54.99,659.88,0.54446263,SM,756030
75603003," HOOD SWEAT BLACK MED",3/28/2023,4/5/2023,"315 - Hooded Sweat Adult",18,25.05,450.9,54.99,989.82,0.54446263,MED,756030
75603005," HOOD SWEAT BLACK XL",3/28/2023,4/5/2023,"315 - Hooded Sweat Adult",12,25.05,300.6,54.99,659.88,0.54446263,XL,756030
1303001," RWHOOD NCST/WP BLK XS",4/13/2023,4/13/2023,"315 - Hooded Sweat Adult",0,33.16,0,69.99,0,0.526218031,XS,13030
1253201," RWHOOD SILV GRY XS",4/13/2023,5/25/2023,"315 - Hooded Sweat Adult",2,33.16,66.32,69.99,139.98,0.526218031,XS,12532
1253202," RWHOOD SILV GRY SM",4/13/2023,5/25/2023,"315 - Hooded Sweat Adult",6,33.16,198.96,69.99,419.94,0.526218031,SM,12532
1253203," RWHOOD SILV GRY MED",4/13/2023,5/25/2023,"315 - Hooded Sweat Adult",12,33.16,397.92,69.99,839.88,0.526218031,MED,12532
1253204," RWHOOD SILV GRY LG",4/13/2023,5/25/2023,"315 - Hooded Sweat Adult",12,33.16,397.92,69.99,839.88,0.526218031,LG,12532
1253205," RWHOOD SILV GRY XL",4/13/2023,5/25/2023,"315 - Hooded Sweat Adult",12,33.16,397.92,69.99,839.88,0.526218031,XL,12532
1253206," RWHOOD SILV GRY XXL",4/13/2023,5/25/2023,"315 - Hooded Sweat Adult",4,33.16,132.64,69.99,279.96,0.526218031,XXL,12532
4833202," HOODIE OXF GRY SM",4/13/2023,5/25/2023,"315 - Hooded Sweat Adult",4,24.09,96.36,52.99,211.96,0.545385922,SM,48332
4833203," HOODIE OXF GRY MED",4/13/2023,5/25/2023,"315 - Hooded Sweat Adult",12,24.09,289.08,52.99,635.88,0.545385922,MED,48332
4833204," HOODIE OXF GRY LG",4/13/2023,5/25/2023,"315 - Hooded Sweat Adult",16,24.09,385.44,52.99,847.84,0.545385922,LG,48332
4833205," HOODIE OXF GRY XL",4/13/2023,5/25/2023,"315 - Hooded Sweat Adult",12,24.09,289.08,52.99,635.88,0.545385922,XL,48332
4833206," HOODIE OXF GRY XXL",4/13/2023,5/25/2023,"315 - Hooded Sweat Adult",4,24.09,96.36,52.99,211.96,0.545385922,XXL,48332
1293201," RWHOOD APP SLV GRY XS",4/13/2023,8/22/2023,"315 - Hooded Sweat Adult",2,40.84,81.68,82.99,165.98,0.507892517,XS,12932
1293202," RWHOOD APP SLV GRY SM",4/13/2023,8/22/2023,"315 - Hooded Sweat Adult",6,40.84,245.04,82.99,497.94,0.507892517,SM,12932
1293203," RWHOOD APP SLV GRY MED",4/13/2023,8/22/2023,"315 - Hooded Sweat Adult",12,40.84,490.08,82.99,995.88,0.507892517,MED,12932
1293204," RWHOOD APP SLV GRY LG",4/13/2023,8/22/2023,"315 - Hooded Sweat Adult",12,40.84,490.08,82.99,995.88,0.507892517,LG,12932
1293205," RWHOOD APP SLV GRY XL",4/13/2023,8/22/2023,"315 - Hooded Sweat Adult",12,40.84,490.08,82.99,995.88,0.507892517,XL,12932
1293206," RWHOOD APP SLV GRY XXL",4/13/2023,8/22/2023,"315 - Hooded Sweat Adult",4,40.84,163.36,82.99,331.96,0.507892517,XXL,12932
1303002," RWHOOD NCST/WP BLK SM",4/13/2023,8/23/2023,"315 - Hooded Sweat Adult",8,33.16,265.28,69.99,559.92,0.526218031,SM,13030
1303003," RWHOOD NCST/WP BLK MED",4/13/2023,8/23/2023,"315 - Hooded Sweat Adult",12,33.16,397.92,69.99,839.88,0.526218031,MED,13030
1303004," RWHOOD NCST/WP BLK LG",4/13/2023,8/23/2023,"315 - Hooded Sweat Adult",12,33.16,397.92,69.99,839.88,0.526218031,LG,13030
1303005," RWHOOD NCST/WP BLK XL",4/13/2023,8/23/2023,"315 - Hooded Sweat Adult",12,33.16,397.92,69.99,839.88,0.526218031,XL,13030
1303006," RWHOOD NCST/WP BLK XXL",4/13/2023,8/23/2023,"315 - Hooded Sweat Adult",4,33.16,132.64,69.99,279.96,0.526218031,XXL,13030
75613206," HOOD SWEAT   CHAR XXL",4/17/2023,4/17/2023,"315 - Hooded Sweat Adult",0,25.06,0,54.99,0,0.544280778,XXL,756132
75603003," HOOD SWEAT BLACK MED",4/17/2023,5/8/2023,"315 - Hooded Sweat Adult",12,25.06,300.72,54.99,659.88,0.544280778,MED,756030
75603004," HOOD SWEAT BLACK LG",4/17/2023,5/8/2023,"315 - Hooded Sweat Adult",24,25.06,601.44,54.99,1319.76,0.544280778,LG,756030
75613203," HOOD SWEAT   CHAR MED",4/17/2023,5/8/2023,"315 - Hooded Sweat Adult",24,25.06,601.44,54.99,1319.76,0.544280778,MED,756132
75626003," HOOD SWEAT   RED MED",4/17/2023,5/8/2023,"315 - Hooded Sweat Adult",18,25.06,451.08,54.99,989.82,0.544280778,MED,756260
75626004," HOOD SWEAT   RED LG",4/17/2023,5/8/2023,"315 - Hooded Sweat Adult",18,25.06,451.08,54.99,989.82,0.544280778,LG,756260
75633202," HOOD SWEAT   OXFORD GRY SM",4/17/2023,5/9/2023,"315 - Hooded Sweat Adult",24,25.06,601.44,54.99,1319.76,0.544280778,SM,756332
75633203," HOOD SWEAT   OXFORD GRY MED",4/17/2023,5/9/2023,"315 - Hooded Sweat Adult",24,25.06,601.44,54.99,1319.76,0.544280778,MED,756332
75633205," HOOD SWEAT   OXFORD GRY XL",4/17/2023,5/9/2023,"315 - Hooded Sweat Adult",18,25.06,451.08,54.99,989.82,0.544280778,XL,756332
75633206," HOOD SWEAT   OXFORD GRY XXL",4/17/2023,5/9/2023,"315 - Hooded Sweat Adult",6,25.06,150.36,54.99,329.94,0.544280778,XXL,756332
75563002," HOOD SWEAT BLK  SM",4/17/2023,5/3/2023,"315 - Hooded Sweat Adult",12,25.06,300.72,54.99,659.88,0.544280778,SM,755630
75563003," HOOD SWEAT BLK  MED",4/17/2023,5/3/2023,"315 - Hooded Sweat Adult",18,25.06,451.08,54.99,989.82,0.544280778,MED,755630
75563004," HOOD SWEAT BLK  LG",4/17/2023,5/3/2023,"315 - Hooded Sweat Adult",18,25.05,450.9,54.99,989.82,0.54446263,LG,755630
75563005," HOOD SWEAT BLK  XL",4/17/2023,5/3/2023,"315 - Hooded Sweat Adult",12,25.05,300.6,54.99,659.88,0.54446263,XL,755630
75573202," HOOD SWEAT CHAR SM",4/17/2023,5/3/2023,"315 - Hooded Sweat Adult",12,25.06,300.72,54.99,659.88,0.544280778,SM,755732
75573204," HOOD SWEAT CHAR LG",4/17/2023,5/3/2023,"315 - Hooded Sweat Adult",18,25.06,451.08,54.99,989.82,0.544280778,LG,755732
75586003," HOOD SWEAT RED MED",4/17/2023,5/3/2023,"315 - Hooded Sweat Adult",12,25.06,300.72,54.99,659.88,0.544280778,MED,755860
75586004," HOOD SWEAT RED LG",5/3/2023,5/16/2023,"315 - Hooded Sweat Adult",24,25.06,601.44,54.99,1319.76,0.544280778,LG,755860
75633204," HOOD SWEAT   OXFORD GRY LG",5/3/2023,5/16/2023,"315 - Hooded Sweat Adult",24,25.05,601.2,54.99,1319.76,0.54446263,LG,756332
4826002," HOOD MSCT RED SM",4/13/2023,5/30/2023,"315 - Hooded Sweat Adult",4,24.09,96.36,52.99,211.96,0.545385922,SM,48260
4826003," HOOD MSCT RED MED",4/13/2023,5/30/2023,"315 - Hooded Sweat Adult",12,24.09,289.08,52.99,635.88,0.545385922,MED,48260
4826004," HOOD MSCT RED LG",4/13/2023,5/30/2023,"315 - Hooded Sweat Adult",16,24.09,385.44,52.99,847.84,0.545385922,LG,48260
4826005," HOOD MSCT RED XL",4/13/2023,5/30/2023,"315 - Hooded Sweat Adult",12,24.09,289.08,52.99,635.88,0.545385922,XL,48260
4826006," HOOD MSCT RED XXL",4/13/2023,5/30/2023,"315 - Hooded Sweat Adult",4,24.09,96.36,52.99,211.96,0.545385922,XXL,48260
4123002," HOODIE BLK SM",4/13/2023,9/1/2023,"315 - Hooded Sweat Adult",4,29.83,119.32,62.99,251.96,0.526432767,SM,41230
4123004," HOODIE BLK LG",4/13/2023,9/1/2023,"315 - Hooded Sweat Adult",16,29.83,477.28,62.99,1007.84,0.526432767,LG,41230
4123005," HOODIE BLK XL",4/13/2023,9/1/2023,"315 - Hooded Sweat Adult",12,29.83,357.96,62.99,755.88,0.526432767,XL,41230
4123006," HOODIE BLK XXL",4/13/2023,9/1/2023,"315 - Hooded Sweat Adult",4,29.83,119.32,62.99,251.96,0.526432767,XXL,41230
4054202," HOODIE OATMEAL SM",4/13/2023,9/18/2023,"315 - Hooded Sweat Adult",8,29.83,238.64,62.99,503.92,0.526432767,SM,40542
4054203," HOODIE OATMEAL MED",4/13/2023,9/18/2023,"315 - Hooded Sweat Adult",12,29.83,357.96,62.99,755.88,0.526432767,MED,40542
4054204," HOODIE OATMEAL LG",4/13/2023,9/18/2023,"315 - Hooded Sweat Adult",12,29.83,357.96,62.99,755.88,0.526432767,LG,40542
4054205," HOODIE OATMEAL XL",4/13/2023,9/18/2023,"315 - Hooded Sweat Adult",12,29.83,357.96,62.99,755.88,0.526432767,XL,40542
4054206," HOODIE OATMEAL XXL",4/13/2023,9/18/2023,"315 - Hooded Sweat Adult",4,29.83,119.32,62.99,251.96,0.526432767,XXL,40542
4113502," WHITE HOODIE SM",4/13/2023,9/18/2023,"315 - Hooded Sweat Adult",12,29.83,357.96,62.99,755.88,0.526432767,SM,41135
4113503," WHITE HOODIE MED",4/13/2023,9/18/2023,"315 - Hooded Sweat Adult",12,29.83,357.96,62.99,755.88,0.526432767,MED,41135
4113504," WHITE HOODIE LG",4/13/2023,9/18/2023,"315 - Hooded Sweat Adult",12,29.83,357.96,62.99,755.88,0.526432767,LG,41135
4113505," WHITE HOODIE XL",4/13/2023,9/18/2023,"315 - Hooded Sweat Adult",8,29.83,238.64,62.99,503.92,0.526432767,XL,41135
4113506," WHITE HOODIE XXL",4/13/2023,9/18/2023,"315 - Hooded Sweat Adult",4,29.83,119.32,62.99,251.96,0.526432767,XXL,41135
4066002," HOODIE RED SM",4/13/2023,9/19/2023,"315 - Hooded Sweat Adult",4,29.83,119.32,62.99,251.96,0.526432767,SM,40660
4066003," HOODIE RED MED",4/13/2023,9/19/2023,"315 - Hooded Sweat Adult",12,29.83,357.96,62.99,755.88,0.526432767,MED,40660
4066004," HOODIE RED LG",4/13/2023,9/19/2023,"315 - Hooded Sweat Adult",16,29.83,477.28,62.99,1007.84,0.526432767,LG,40660
4066005," HOODIE RED XL",4/13/2023,9/19/2023,"315 - Hooded Sweat Adult",12,29.83,357.96,62.99,755.88,0.526432767,XL,40660
4066006," HOODIE RED XXL",4/13/2023,9/19/2023,"315 - Hooded Sweat Adult",4,29.83,119.32,62.99,251.96,0.526432767,XXL,40660
75613202," HOOD SWEAT   CHAR SM",5/10/2023,6/2/2023,"315 - Hooded Sweat Adult",12,25.06,300.72,54.99,659.88,0.544280778,SM,756132
75613204," HOOD SWEAT   CHAR LG",5/10/2023,6/2/2023,"315 - Hooded Sweat Adult",12,25.06,300.72,54.99,659.88,0.544280778,LG,756132
75613205," HOOD SWEAT   CHAR XL",5/10/2023,6/2/2023,"315 - Hooded Sweat Adult",12,25.06,300.72,54.99,659.88,0.544280778,XL,756132
75603002," HOOD SWEAT BLACK SM",5/10/2023,6/22/2023,"315 - Hooded Sweat Adult",12,25.06,300.72,54.99,659.88,0.544280778,SM,756030
75603004," HOOD SWEAT BLACK LG",5/10/2023,6/22/2023,"315 - Hooded Sweat Adult",12,25.06,300.72,54.99,659.88,0.544280778,LG,756030
75603005," HOOD SWEAT BLACK XL",5/10/2023,6/22/2023,"315 - Hooded Sweat Adult",12,25.06,300.72,54.99,659.88,0.544280778,XL,756030
75603006," HOOD SWEAT BLACK XXL",5/10/2023,6/22/2023,"315 - Hooded Sweat Adult",6,25.06,150.36,54.99,329.94,0.544280778,XXL,756030
75563002," HOOD SWEAT BLK  SM",5/10/2023,6/6/2023,"315 - Hooded Sweat Adult",12,25.06,300.72,54.99,659.88,0.544280778,SM,755630
75563003," HOOD SWEAT BLK  MED",5/10/2023,6/6/2023,"315 - Hooded Sweat Adult",12,25.06,300.72,54.99,659.88,0.544280778,MED,755630
75563004," HOOD SWEAT BLK  LG",5/10/2023,6/6/2023,"315 - Hooded Sweat Adult",12,25.06,300.72,54.99,659.88,0.544280778,LG,755630
75563006," HOOD SWEAT BLK  XXL",5/10/2023,6/6/2023,"315 - Hooded Sweat Adult",6,25.06,150.36,54.99,329.94,0.544280778,XXL,755630
75586002," HOOD SWEAT RED SM",5/10/2023,6/6/2023,"315 - Hooded Sweat Adult",12,25.06,300.72,54.99,659.88,0.544280778,SM,755860
75586003," HOOD SWEAT RED MED",5/10/2023,6/6/2023,"315 - Hooded Sweat Adult",12,25.06,300.72,54.99,659.88,0.544280778,MED,755860
75586006," HOOD SWEAT RED XXL",5/10/2023,6/6/2023,"315 - Hooded Sweat Adult",6,25.06,150.36,54.99,329.94,0.544280778,XXL,755860
75573202," HOOD SWEAT CHAR SM",5/10/2023,6/22/2023,"315 - Hooded Sweat Adult",12,25.06,300.72,54.99,659.88,0.544280778,SM,755732
75573203," HOOD SWEAT CHAR MED",5/10/2023,6/22/2023,"315 - Hooded Sweat Adult",12,25.06,300.72,54.99,659.88,0.544280778,MED,755732
75573204," HOOD SWEAT CHAR LG",5/10/2023,6/22/2023,"315 - Hooded Sweat Adult",12,25.06,300.72,54.99,659.88,0.544280778,LG,755732
75593502," HOOD SWEAT WHT SM",6/5/2023,6/15/2023,"315 - Hooded Sweat Adult",12,25.06,300.72,54.99,659.88,0.544280778,SM,755935
75593503," HOOD SWEAT WHT MED",6/5/2023,6/15/2023,"315 - Hooded Sweat Adult",18,25.06,451.08,54.99,989.82,0.544280778,MED,755935
75593502," HOOD SWEAT WHT SM",6/30/2023,7/17/2023,"315 - Hooded Sweat Adult",12,25.06,300.72,54.99,659.88,0.544280778,SM,755935
75593503," HOOD SWEAT WHT MED",6/30/2023,7/17/2023,"315 - Hooded Sweat Adult",24,25.06,601.44,54.99,1319.76,0.544280778,MED,755935
75593504," HOOD SWEAT WHT LG",6/30/2023,7/17/2023,"315 - Hooded Sweat Adult",18,25.06,451.08,54.99,989.82,0.544280778,LG,755935
75593505," HOOD SWEAT WHT XL",6/30/2023,7/17/2023,"315 - Hooded Sweat Adult",12,25.06,300.72,54.99,659.88,0.544280778,XL,755935
75563003," HOOD SWEAT BLK  MED",6/30/2023,7/19/2023,"315 - Hooded Sweat Adult",12,25.06,300.72,54.99,659.88,0.544280778,MED,755630
75563004," HOOD SWEAT BLK  LG",6/30/2023,7/19/2023,"315 - Hooded Sweat Adult",30,25.06,751.8,54.99,1649.7,0.544280778,LG,755630
75563005," HOOD SWEAT BLK  XL",6/30/2023,7/19/2023,"315 - Hooded Sweat Adult",6,25.06,150.36,54.99,329.94,0.544280778,XL,755630
75586003," HOOD SWEAT RED MED",6/30/2023,7/24/2023,"315 - Hooded Sweat Adult",12,25.06,300.72,54.99,659.88,0.544280778,MED,755860
75586004," HOOD SWEAT RED LG",6/30/2023,7/24/2023,"315 - Hooded Sweat Adult",18,25.06,451.08,54.99,989.82,0.544280778,LG,755860
75586005," HOOD SWEAT RED XL",6/30/2023,7/24/2023,"315 - Hooded Sweat Adult",18,25.06,451.08,54.99,989.82,0.544280778,XL,755860
75603003," HOOD SWEAT BLACK MED",6/30/2023,7/17/2023,"315 - Hooded Sweat Adult",24,25.06,601.44,54.99,1319.76,0.544280778,MED,756030
75613205," HOOD SWEAT   CHAR XL",6/30/2023,7/17/2023,"315 - Hooded Sweat Adult",12,25.06,300.72,54.99,659.88,0.544280778,XL,756132
75613206," HOOD SWEAT   CHAR XXL",6/30/2023,7/17/2023,"315 - Hooded Sweat Adult",6,25.06,150.36,54.99,329.94,0.544280778,XXL,756132
75626003," HOOD SWEAT   RED MED",6/30/2023,7/17/2023,"315 - Hooded Sweat Adult",12,25.06,300.72,54.99,659.88,0.544280778,MED,756260
75626004," HOOD SWEAT   RED LG",6/30/2023,7/17/2023,"315 - Hooded Sweat Adult",12,25.06,300.72,54.99,659.88,0.544280778,LG,756260
75626006," HOOD SWEAT   RED XXL",6/30/2023,7/17/2023,"315 - Hooded Sweat Adult",6,25.06,150.36,54.99,329.94,0.544280778,XXL,756260
75633203," HOOD SWEAT   OXFORD GRY MED",6/30/2023,7/21/2023,"315 - Hooded Sweat Adult",18,25.06,451.08,54.99,989.82,0.544280778,MED,756332
75633204," HOOD SWEAT   OXFORD GRY LG",6/30/2023,7/21/2023,"315 - Hooded Sweat Adult",12,25.06,300.72,54.99,659.88,0.544280778,LG,756332
75633206," HOOD SWEAT   OXFORD GRY XXL",6/30/2023,7/21/2023,"315 - Hooded Sweat Adult",6,25.06,150.36,54.99,329.94,0.544280778,XXL,756332
75563002," HOOD SWEAT BLK  SM",7/19/2023,7/28/2023,"315 - Hooded Sweat Adult",18,25.06,451.08,54.99,989.82,0.544280778,SM,755630
75563003," HOOD SWEAT BLK  MED",7/19/2023,7/28/2023,"315 - Hooded Sweat Adult",18,25.06,451.08,54.99,989.82,0.544280778,MED,755630
75563005," HOOD SWEAT BLK  XL",7/19/2023,7/28/2023,"315 - Hooded Sweat Adult",12,25.06,300.72,54.99,659.88,0.544280778,XL,755630
75563006," HOOD SWEAT BLK  XXL",7/19/2023,7/28/2023,"315 - Hooded Sweat Adult",6,25.06,150.36,54.99,329.94,0.544280778,XXL,755630
75573203," HOOD SWEAT CHAR MED",7/19/2023,7/28/2023,"315 - Hooded Sweat Adult",12,25.05,300.6,54.99,659.88,0.54446263,MED,755732
75573204," HOOD SWEAT CHAR LG",7/19/2023,7/28/2023,"315 - Hooded Sweat Adult",18,25.05,450.9,54.99,989.82,0.54446263,LG,755732
75593502," HOOD SWEAT WHT SM",7/19/2023,7/28/2023,"315 - Hooded Sweat Adult",12,25.06,300.72,54.99,659.88,0.544280778,SM,755935
75593506," HOOD SWEAT WHT XXL",7/19/2023,7/28/2023,"315 - Hooded Sweat Adult",6,25.06,150.36,54.99,329.94,0.544280778,XXL,755935
75603002," HOOD SWEAT BLACK SM",7/19/2023,7/28/2023,"315 - Hooded Sweat Adult",12,25.05,300.6,54.99,659.88,0.54446263,SM,756030
75603004," HOOD SWEAT BLACK LG",7/19/2023,7/28/2023,"315 - Hooded Sweat Adult",24,25.05,601.2,54.99,1319.76,0.54446263,LG,756030
75603005," HOOD SWEAT BLACK XL",7/19/2023,7/28/2023,"315 - Hooded Sweat Adult",12,25.05,300.6,54.99,659.88,0.54446263,XL,756030
75633202," HOOD SWEAT   OXFORD GRY SM",7/19/2023,7/28/2023,"315 - Hooded Sweat Adult",12,25.06,300.72,54.99,659.88,0.544280778,SM,756332
75633203," HOOD SWEAT   OXFORD GRY MED",7/19/2023,7/28/2023,"315 - Hooded Sweat Adult",12,25.06,300.72,54.99,659.88,0.544280778,MED,756332
75633204," HOOD SWEAT   OXFORD GRY LG",7/19/2023,7/28/2023,"315 - Hooded Sweat Adult",18,25.06,451.08,54.99,989.82,0.544280778,LG,756332
75633205," HOOD SWEAT   OXFORD GRY XL",7/19/2023,7/28/2023,"315 - Hooded Sweat Adult",12,25.06,300.72,54.99,659.88,0.544280778,XL,756332
75633206," HOOD SWEAT   OXFORD GRY XXL",7/19/2023,7/28/2023,"315 - Hooded Sweat Adult",6,25.06,150.36,54.99,329.94,0.544280778,XXL,756332
75613203," HOOD SWEAT   CHAR MED",7/19/2023,7/31/2023,"315 - Hooded Sweat Adult",12,25.05,300.6,54.99,659.88,0.54446263,MED,756132
75613204," HOOD SWEAT   CHAR LG",7/19/2023,7/31/2023,"315 - Hooded Sweat Adult",18,25.05,450.9,54.99,989.82,0.54446263,LG,756132
75626002," HOOD SWEAT   RED SM",7/19/2023,7/31/2023,"315 - Hooded Sweat Adult",12,25.06,300.72,54.99,659.88,0.544280778,SM,756260
75626003," HOOD SWEAT   RED MED",7/19/2023,7/31/2023,"315 - Hooded Sweat Adult",12,25.06,300.72,54.99,659.88,0.544280778,MED,756260
4826001," HOOD MSCT RED XS",6/5/2023,8/2/2023,"315 - Hooded Sweat Adult",3,24.09,72.27,52.99,158.97,0.545385922,XS,48260
4826002," HOOD MSCT RED SM",6/5/2023,8/2/2023,"315 - Hooded Sweat Adult",12,24.09,289.08,52.99,635.88,0.545385922,SM,48260
4826003," HOOD MSCT RED MED",6/5/2023,8/2/2023,"315 - Hooded Sweat Adult",18,24.09,433.62,52.99,953.82,0.545385922,MED,48260
4826004," HOOD MSCT RED LG",6/5/2023,8/2/2023,"315 - Hooded Sweat Adult",18,24.09,433.62,52.99,953.82,0.545385922,LG,48260
4826005," HOOD MSCT RED XL",6/5/2023,8/2/2023,"315 - Hooded Sweat Adult",16,24.09,385.44,52.99,847.84,0.545385922,XL,48260
4826006," HOOD MSCT RED XXL",6/5/2023,8/2/2023,"315 - Hooded Sweat Adult",4,24.09,96.36,52.99,211.96,0.545385922,XXL,48260
1253201," RWHOOD SILV GRY XS",6/5/2023,8/8/2023,"315 - Hooded Sweat Adult",4,33.16,132.64,69.99,279.96,0.526218031,XS,12532
1253202," RWHOOD SILV GRY SM",6/5/2023,8/8/2023,"315 - Hooded Sweat Adult",12,33.16,397.92,69.99,839.88,0.526218031,SM,12532
1253203," RWHOOD SILV GRY MED",6/5/2023,8/8/2023,"315 - Hooded Sweat Adult",18,33.16,596.88,69.99,1259.82,0.526218031,MED,12532
1253204," RWHOOD SILV GRY LG",6/5/2023,8/8/2023,"315 - Hooded Sweat Adult",18,33.16,596.88,69.99,1259.82,0.526218031,LG,12532
1253205," RWHOOD SILV GRY XL",6/5/2023,8/8/2023,"315 - Hooded Sweat Adult",16,33.16,530.56,69.99,1119.84,0.526218031,XL,12532
1253206," RWHOOD SILV GRY XXL",6/5/2023,8/8/2023,"315 - Hooded Sweat Adult",4,33.16,132.64,69.99,279.96,0.526218031,XXL,12532
75573206," HOOD SWEAT CHAR XXL",8/4/2023,8/4/2023,"315 - Hooded Sweat Adult",0,25.05,0,54.99,0,0.54446263,XXL,755732
75593506," HOOD SWEAT WHT XXL",8/4/2023,8/4/2023,"315 - Hooded Sweat Adult",0,25.06,0,54.99,0,0.544280778,XXL,755935
75563002," HOOD SWEAT BLK  SM",8/4/2023,8/15/2023,"315 - Hooded Sweat Adult",12,25.06,300.72,54.99,659.88,0.544280778,SM,755630
75563003," HOOD SWEAT BLK  MED",8/4/2023,8/15/2023,"315 - Hooded Sweat Adult",12,25.06,300.72,54.99,659.88,0.544280778,MED,755630
75563004," HOOD SWEAT BLK  LG",8/4/2023,8/15/2023,"315 - Hooded Sweat Adult",12,25.06,300.72,54.99,659.88,0.544280778,LG,755630
75563005," HOOD SWEAT BLK  XL",8/4/2023,8/15/2023,"315 - Hooded Sweat Adult",12,25.06,300.72,54.99,659.88,0.544280778,XL,755630
75573202," HOOD SWEAT CHAR SM",8/4/2023,8/15/2023,"315 - Hooded Sweat Adult",12,25.05,300.6,54.99,659.88,0.54446263,SM,755732
75573203," HOOD SWEAT CHAR MED",8/4/2023,8/15/2023,"315 - Hooded Sweat Adult",12,25.05,300.6,54.99,659.88,0.54446263,MED,755732
75573204," HOOD SWEAT CHAR LG",8/4/2023,8/15/2023,"315 - Hooded Sweat Adult",12,25.05,300.6,54.99,659.88,0.54446263,LG,755732
75573205," HOOD SWEAT CHAR XL",8/4/2023,8/15/2023,"315 - Hooded Sweat Adult",12,25.05,300.6,54.99,659.88,0.54446263,XL,755732
75586002," HOOD SWEAT RED SM",8/4/2023,8/15/2023,"315 - Hooded Sweat Adult",12,25.06,300.72,54.99,659.88,0.544280778,SM,755860
75586003," HOOD SWEAT RED MED",8/4/2023,8/15/2023,"315 - Hooded Sweat Adult",18,25.06,451.08,54.99,989.82,0.544280778,MED,755860
75586004," HOOD SWEAT RED LG",8/4/2023,8/15/2023,"315 - Hooded Sweat Adult",18,25.06,451.08,54.99,989.82,0.544280778,LG,755860
75586005," HOOD SWEAT RED XL",8/4/2023,8/15/2023,"315 - Hooded Sweat Adult",12,25.06,300.72,54.99,659.88,0.544280778,XL,755860
75586006," HOOD SWEAT RED XXL",8/4/2023,8/15/2023,"315 - Hooded Sweat Adult",6,25.06,150.36,54.99,329.94,0.544280778,XXL,755860
75593502," HOOD SWEAT WHT SM",8/4/2023,8/15/2023,"315 - Hooded Sweat Adult",18,25.06,451.08,54.99,989.82,0.544280778,SM,755935
75593503," HOOD SWEAT WHT MED",8/4/2023,8/15/2023,"315 - Hooded Sweat Adult",12,25.06,300.72,54.99,659.88,0.544280778,MED,755935
75593504," HOOD SWEAT WHT LG",8/4/2023,8/15/2023,"315 - Hooded Sweat Adult",12,25.06,300.72,54.99,659.88,0.544280778,LG,755935
75593505," HOOD SWEAT WHT XL",8/4/2023,8/15/2023,"315 - Hooded Sweat Adult",12,25.06,300.72,54.99,659.88,0.544280778,XL,755935
75603002," HOOD SWEAT BLACK SM",8/4/2023,8/14/2023,"315 - Hooded Sweat Adult",12,25.05,300.6,54.99,659.88,0.54446263,SM,756030
75603003," HOOD SWEAT BLACK MED",8/4/2023,8/14/2023,"315 - Hooded Sweat Adult",12,25.05,300.6,54.99,659.88,0.54446263,MED,756030
75603004," HOOD SWEAT BLACK LG",8/4/2023,8/14/2023,"315 - Hooded Sweat Adult",12,25.05,300.6,54.99,659.88,0.54446263,LG,756030
75603005," HOOD SWEAT BLACK XL",8/4/2023,8/14/2023,"315 - Hooded Sweat Adult",12,25.05,300.6,54.99,659.88,0.54446263,XL,756030
75613202," HOOD SWEAT   CHAR SM",8/4/2023,8/15/2023,"315 - Hooded Sweat Adult",12,25.06,300.72,54.99,659.88,0.544280778,SM,756132
75613203," HOOD SWEAT   CHAR MED",8/4/2023,8/15/2023,"315 - Hooded Sweat Adult",12,25.06,300.72,54.99,659.88,0.544280778,MED,756132
75613204," HOOD SWEAT   CHAR LG",8/4/2023,8/15/2023,"315 - Hooded Sweat Adult",12,25.06,300.72,54.99,659.88,0.544280778,LG,756132
75613205," HOOD SWEAT   CHAR XL",8/4/2023,8/15/2023,"315 - Hooded Sweat Adult",12,25.06,300.72,54.99,659.88,0.544280778,XL,756132
4833201," HOODIE OXF GRY XS",7/27/2023,8/18/2023,"315 - Hooded Sweat Adult",5,24.09,120.45,52.99,264.95,0.545385922,XS,48332
4833202," HOODIE OXF GRY SM",7/27/2023,8/18/2023,"315 - Hooded Sweat Adult",12,24.09,289.08,52.99,635.88,0.545385922,SM,48332
4833203," HOODIE OXF GRY MED",7/27/2023,8/18/2023,"315 - Hooded Sweat Adult",23,24.09,554.07,52.99,1218.77,0.545385922,MED,48332
4833204," HOODIE OXF GRY LG",7/27/2023,8/18/2023,"315 - Hooded Sweat Adult",30,24.09,722.7,52.99,1589.7,0.545385922,LG,48332
4833205," HOODIE OXF GRY XL",7/27/2023,8/18/2023,"315 - Hooded Sweat Adult",12,24.09,289.08,52.99,635.88,0.545385922,XL,48332
4833206," HOODIE OXF GRY XXL",7/27/2023,8/18/2023,"315 - Hooded Sweat Adult",8,24.09,192.72,52.99,423.92,0.545385922,XXL,48332
4833207," HOODIE OXF GRY 3XL",7/27/2023,8/18/2023,"315 - Hooded Sweat Adult",4,26.52,106.08,54.99,219.96,0.517730497,3XL,48332
4826002," HOOD MSCT RED SM",7/27/2023,8/28/2023,"315 - Hooded Sweat Adult",12,24.09,289.08,52.99,635.88,0.545385922,SM,48260
4826003," HOOD MSCT RED MED",7/27/2023,8/28/2023,"315 - Hooded Sweat Adult",18,24.09,433.62,52.99,953.82,0.545385922,MED,48260
4826004," HOOD MSCT RED LG",7/27/2023,8/28/2023,"315 - Hooded Sweat Adult",18,24.09,433.62,52.99,953.82,0.545385922,LG,48260
4826005," HOOD MSCT RED XL",7/27/2023,8/28/2023,"315 - Hooded Sweat Adult",14,24.09,337.26,52.99,741.86,0.545385922,XL,48260
4826006," HOOD MSCT RED XXL",7/27/2023,8/28/2023,"315 - Hooded Sweat Adult",6,24.09,144.54,52.99,317.94,0.545385922,XXL,48260
4826007," HOOD MSCT RED 3XL",7/27/2023,8/28/2023,"315 - Hooded Sweat Adult",4,26.52,106.08,54.99,219.96,0.517730497,3XL,48260
10453002," HOOD NCSU/WLFHD HTHR BLK SM",7/10/2023,8/23/2023,"315 - Hooded Sweat Adult",12,34.82,417.84,69.99,839.88,0.502500357,SM,104530
10453003," HOOD NCSU/WLFHD HTHR BLK MED",7/10/2023,8/23/2023,"315 - Hooded Sweat Adult",18,34.82,626.76,69.99,1259.82,0.502500357,MED,104530
10453004," HOOD NCSU/WLFHD HTHR BLK LG",7/10/2023,8/23/2023,"315 - Hooded Sweat Adult",24,34.82,835.68,69.99,1679.76,0.502500357,LG,104530
10453005," HOOD NCSU/WLFHD HTHR BLK XL",7/10/2023,8/23/2023,"315 - Hooded Sweat Adult",12,34.82,417.84,69.99,839.88,0.502500357,XL,104530
10453006," HOOD NCSU/WLFHD HTHR BLK XXL",7/10/2023,8/23/2023,"315 - Hooded Sweat Adult",6,34.82,208.92,69.99,419.94,0.502500357,XXL,104530
10443502," HOOD NCSU/WLFHD HTHR WHT SM",7/10/2023,8/29/2023,"315 - Hooded Sweat Adult",22,34.82,766.04,69.99,1539.78,0.502500357,SM,104435
10443503," HOOD NCSU/WLFHD HTHR WHT MED",7/10/2023,8/29/2023,"315 - Hooded Sweat Adult",30,34.82,1044.6,69.99,2099.7,0.502500357,MED,104435
10443504," HOOD NCSU/WLFHD HTHR WHT LG",7/10/2023,8/29/2023,"315 - Hooded Sweat Adult",18,34.82,626.76,69.99,1259.82,0.502500357,LG,104435
75626002," HOOD SWEAT   RED SM",8/25/2023,8/31/2023,"315 - Hooded Sweat Adult",12,25.06,300.72,54.99,659.88,0.544280778,SM,756260
75626003," HOOD SWEAT   RED MED",8/25/2023,8/31/2023,"315 - Hooded Sweat Adult",12,25.06,300.72,54.99,659.88,0.544280778,MED,756260
75626004," HOOD SWEAT   RED LG",8/25/2023,8/31/2023,"315 - Hooded Sweat Adult",18,25.06,451.08,54.99,989.82,0.544280778,LG,756260
75626005," HOOD SWEAT   RED XL",8/25/2023,8/31/2023,"315 - Hooded Sweat Adult",12,25.06,300.72,54.99,659.88,0.544280778,XL,756260
75633202," HOOD SWEAT   OXFORD GRY SM",8/25/2023,8/31/2023,"315 - Hooded Sweat Adult",12,25.05,300.6,54.99,659.88,0.54446263,SM,756332
75633203," HOOD SWEAT   OXFORD GRY MED",8/25/2023,8/31/2023,"315 - Hooded Sweat Adult",24,25.05,601.2,54.99,1319.76,0.54446263,MED,756332
75633204," HOOD SWEAT   OXFORD GRY LG",8/25/2023,8/31/2023,"315 - Hooded Sweat Adult",18,25.05,450.9,54.99,989.82,0.54446263,LG,756332
75633205," HOOD SWEAT   OXFORD GRY XL",8/25/2023,8/31/2023,"315 - Hooded Sweat Adult",12,25.05,300.6,54.99,659.88,0.54446263,XL,756332
75603002," HOOD SWEAT BLACK SM",8/25/2023,9/11/2023,"315 - Hooded Sweat Adult",12,25.05,300.6,54.99,659.88,0.54446263,SM,756030
75603003," HOOD SWEAT BLACK MED",8/25/2023,9/11/2023,"315 - Hooded Sweat Adult",12,25.05,300.6,54.99,659.88,0.54446263,MED,756030
75563002," HOOD SWEAT BLK  SM",8/25/2023,9/6/2023,"315 - Hooded Sweat Adult",12,25.06,300.72,54.99,659.88,0.544280778,SM,755630
75563003," HOOD SWEAT BLK  MED",8/25/2023,9/6/2023,"315 - Hooded Sweat Adult",18,25.06,451.08,54.99,989.82,0.544280778,MED,755630
75563004," HOOD SWEAT BLK  LG",8/25/2023,9/6/2023,"315 - Hooded Sweat Adult",12,25.06,300.72,54.99,659.88,0.544280778,LG,755630
75563006," HOOD SWEAT BLK  XXL",8/25/2023,9/6/2023,"315 - Hooded Sweat Adult",12,25.06,300.72,54.99,659.88,0.544280778,XXL,755630
75573202," HOOD SWEAT CHAR SM",8/25/2023,9/6/2023,"315 - Hooded Sweat Adult",12,25.06,300.72,54.99,659.88,0.544280778,SM,755732
75573203," HOOD SWEAT CHAR MED",8/25/2023,9/6/2023,"315 - Hooded Sweat Adult",18,25.06,451.08,54.99,989.82,0.544280778,MED,755732
75573204," HOOD SWEAT CHAR LG",8/25/2023,9/6/2023,"315 - Hooded Sweat Adult",12,25.06,300.72,54.99,659.88,0.544280778,LG,755732
75573206," HOOD SWEAT CHAR XXL",8/25/2023,9/6/2023,"315 - Hooded Sweat Adult",12,25.06,300.72,54.99,659.88,0.544280778,XXL,755732
75586002," HOOD SWEAT RED SM",8/25/2023,9/6/2023,"315 - Hooded Sweat Adult",12,25.06,300.72,54.99,659.88,0.544280778,SM,755860
75586003," HOOD SWEAT RED MED",8/25/2023,9/6/2023,"315 - Hooded Sweat Adult",18,25.06,451.08,54.99,989.82,0.544280778,MED,755860
75586004," HOOD SWEAT RED LG",8/25/2023,9/6/2023,"315 - Hooded Sweat Adult",12,25.06,300.72,54.99,659.88,0.544280778,LG,755860
75593502," HOOD SWEAT WHT SM",8/25/2023,9/6/2023,"315 - Hooded Sweat Adult",12,25.06,300.72,54.99,659.88,0.544280778,SM,755935
75593503," HOOD SWEAT WHT MED",8/25/2023,9/6/2023,"315 - Hooded Sweat Adult",24,25.06,601.44,54.99,1319.76,0.544280778,MED,755935
75593504," HOOD SWEAT WHT LG",8/25/2023,9/6/2023,"315 - Hooded Sweat Adult",24,25.06,601.44,54.99,1319.76,0.544280778,LG,755935
10474202," HOOD NCSU HTHR TAUPE SM",8/2/2023,9/7/2023,"315 - Hooded Sweat Adult",12,34.82,417.84,69.99,839.88,0.502500357,SM,104742
10474203," HOOD NCSU HTHR TAUPE MED",8/2/2023,9/7/2023,"315 - Hooded Sweat Adult",24,34.82,835.68,69.99,1679.76,0.502500357,MED,104742
10474204," HOOD NCSU HTHR TAUPE LG",8/2/2023,9/7/2023,"315 - Hooded Sweat Adult",24,34.82,835.68,69.99,1679.76,0.502500357,LG,104742
10474205," HOOD NCSU HTHR TAUPE XL",8/2/2023,9/7/2023,"315 - Hooded Sweat Adult",24,34.82,835.68,69.99,1679.76,0.502500357,XL,104742
10474206," HOOD NCSU HTHR TAUPE XXL",8/2/2023,9/7/2023,"315 - Hooded Sweat Adult",12,34.82,417.84,69.99,839.88,0.502500357,XXL,104742
10463202," HOOD NCSU HTHR GRY SM",8/2/2023,9/19/2023,"315 - Hooded Sweat Adult",18,34.82,626.76,69.99,1259.82,0.502500357,SM,104632
10463203," HOOD NCSU HTHR GRY MED",8/2/2023,9/19/2023,"315 - Hooded Sweat Adult",18,34.82,626.76,69.99,1259.82,0.502500357,MED,104632
10463204," HOOD NCSU HTHR GRY LG",8/2/2023,9/19/2023,"315 - Hooded Sweat Adult",24,34.82,835.68,69.99,1679.76,0.502500357,LG,104632
10463205," HOOD NCSU HTHR GRY XL",8/2/2023,9/19/2023,"315 - Hooded Sweat Adult",24,34.82,835.68,69.99,1679.76,0.502500357,XL,104632
10463206," HOOD NCSU HTHR GRY XXL",8/2/2023,9/19/2023,"315 - Hooded Sweat Adult",6,34.82,208.92,69.99,419.94,0.502500357,XXL,104632
12496003," STADIUM HOOD RED MED",8/2/2023,9/21/2023,"315 - Hooded Sweat Adult",18,39.7,714.6,76.99,1385.82,0.484348617,MED,124960
12496004," STADIUM HOOD RED LG",8/2/2023,9/21/2023,"315 - Hooded Sweat Adult",24,39.7,952.8,76.99,1847.76,0.484348617,LG,124960
12496005," STADIUM HOOD RED XL",8/2/2023,9/21/2023,"315 - Hooded Sweat Adult",24,39.7,952.8,76.99,1847.76,0.484348617,XL,124960
12496006," STADIUM HOOD RED XXL",8/2/2023,9/21/2023,"315 - Hooded Sweat Adult",6,39.7,238.2,76.99,461.94,0.484348617,XXL,124960
30726002," HOOD SWEAT NCST MOM RED SM",8/1/2023,9/20/2023,"315 - Hooded Sweat Adult",12,27.74,332.88,59.99,719.88,0.537589598,SM,307260
30726003," HOOD SWEAT NCST MOM RED MED",8/1/2023,9/20/2023,"315 - Hooded Sweat Adult",20,27.74,554.8,59.99,1199.8,0.537589598,MED,307260
30726004," HOOD SWEAT NCST MOM RED LG",8/1/2023,9/20/2023,"315 - Hooded Sweat Adult",22,27.74,610.28,59.99,1319.78,0.537589598,LG,307260
30726005," HOOD SWEAT NCST MOM RED XL",8/1/2023,9/20/2023,"315 - Hooded Sweat Adult",12,27.74,332.88,59.99,719.88,0.537589598,XL,307260
30726006," HOOD SWEAT NCST MOM RED XXL",8/1/2023,9/20/2023,"315 - Hooded Sweat Adult",6,27.74,166.44,59.99,359.94,0.537589598,XXL,307260
30696002," HOOD SWEAT WP DAD RED SM",8/1/2023,9/25/2023,"315 - Hooded Sweat Adult",6,28.35,170.1,59.99,359.94,0.527421237,SM,306960
30696003," HOOD SWEAT WP DAD RED MED",8/1/2023,9/25/2023,"315 - Hooded Sweat Adult",14,28.35,396.9,59.99,839.86,0.527421237,MED,306960
30696004," HOOD SWEAT WP DAD RED LG",8/1/2023,9/25/2023,"315 - Hooded Sweat Adult",24,28.35,680.4,59.99,1439.76,0.527421237,LG,306960
30696005," HOOD SWEAT WP DAD RED XL",8/1/2023,9/25/2023,"315 - Hooded Sweat Adult",20,28.35,567,59.99,1199.8,0.527421237,XL,306960
30696006," HOOD SWEAT WP DAD RED XXL",8/1/2023,9/25/2023,"315 - Hooded Sweat Adult",8,28.35,226.8,59.99,479.92,0.527421237,XXL,306960
61193202," OHT MENS RAGLAN HOODIE GRY/CAMO SM",2/6/2023,10/2/2023,"315 - Hooded Sweat Adult",12,34,408,74,888,0.540540541,SM,611932
61193203," OHT MENS RAGLAN HOODIE GRY/CAMO MED",2/6/2023,10/2/2023,"315 - Hooded Sweat Adult",24,34,816,74,1776,0.540540541,MED,611932
61193204," OHT MENS RAGLAN HOODIE GRY/CAMO LG",2/6/2023,10/2/2023,"315 - Hooded Sweat Adult",24,34,816,74,1776,0.540540541,LG,611932
61193205," OHT MENS RAGLAN HOODIE GRY/CAMO XL",2/6/2023,10/2/2023,"315 - Hooded Sweat Adult",24,34,816,74,1776,0.540540541,XL,611932
61193206," OHT MENS RAGLAN HOODIE GRY/CAMO XXL",2/6/2023,10/2/2023,"315 - Hooded Sweat Adult",8,34,272,74,592,0.540540541,XXL,611932
61193207," OHT MENS RAGLAN HOODIE GRY/CAMO 3XL",2/6/2023,10/2/2023,"315 - Hooded Sweat Adult",4,36.5,146,74,296,0.506756757,3XL,611932
61203202," OHT MENS POLY FLC HOODIE LT GRY/CAMO SM",2/6/2023,10/2/2023,"315 - Hooded Sweat Adult",12,34,408,72,864,0.527777778,SM,612032
61203203," OHT MENS POLY FLC HOODIE LT GRY/CAMO MED",2/6/2023,10/2/2023,"315 - Hooded Sweat Adult",24,34,816,72,1728,0.527777778,MED,612032
61203204," OHT MENS POLY FLC HOODIE LT GRY/CAMO LG",2/6/2023,10/2/2023,"315 - Hooded Sweat Adult",24,34,816,72,1728,0.527777778,LG,612032
61203205," OHT MENS POLY FLC HOODIE LT GRY/CAMO XL",2/6/2023,10/2/2023,"315 - Hooded Sweat Adult",24,34,816,72,1728,0.527777778,XL,612032
61203206," OHT MENS POLY FLC HOODIE LT GRY/CAMO XXL",2/6/2023,10/2/2023,"315 - Hooded Sweat Adult",8,34,272,72,576,0.527777778,XXL,612032
61203207," OHT MENS POLY FLC HOODIE LT GRY/CAMO 3XL",2/6/2023,10/2/2023,"315 - Hooded Sweat Adult",4,36.5,146,72,288,0.493055556,3XL,612032
61216002," OHT MENS POLY FLC HOODIE RD/CAMO SM",2/6/2023,10/2/2023,"315 - Hooded Sweat Adult",12,33,396,70,840,0.528571429,SM,612160
61216003," OHT MENS POLY FLC HOODIE RD/CAMO MED",2/6/2023,10/2/2023,"315 - Hooded Sweat Adult",24,33,792,70,1680,0.528571429,MED,612160
61216004," OHT MENS POLY FLC HOODIE RD/CAMO LG",2/6/2023,10/2/2023,"315 - Hooded Sweat Adult",24,33,792,70,1680,0.528571429,LG,612160
61216005," OHT MENS POLY FLC HOODIE RD/CAMO XL",2/6/2023,10/2/2023,"315 - Hooded Sweat Adult",24,33,792,70,1680,0.528571429,XL,612160
61216006," OHT MENS POLY FLC HOODIE RD/CAMO XXL",2/6/2023,10/2/2023,"315 - Hooded Sweat Adult",8,33,264,70,560,0.528571429,XXL,612160
61216007," OHT MENS POLY FLC HOODIE RD/CAMO 3XL",2/6/2023,10/2/2023,"315 - Hooded Sweat Adult",4,35.5,142,70,280,0.492857143,3XL,612160
37463002," FZIP HOOD NCST/WLFHD BLK SM",6/22/2023,10/2/2023,"315 - Hooded Sweat Adult",12,17.75,213,39.99,479.88,0.556139035,SM,374630
37463003," FZIP HOOD NCST/WLFHD BLK MED",6/22/2023,10/2/2023,"315 - Hooded Sweat Adult",18,17.75,319.5,39.99,719.82,0.556139035,MED,374630
37463004," FZIP HOOD NCST/WLFHD BLK LG",6/22/2023,10/2/2023,"315 - Hooded Sweat Adult",18,17.75,319.5,39.99,719.82,0.556139035,LG,374630
37463005," FZIP HOOD NCST/WLFHD BLK XL",6/22/2023,10/2/2023,"315 - Hooded Sweat Adult",12,17.75,213,39.99,479.88,0.556139035,XL,374630
37463006," FZIP HOOD NCST/WLFHD BLK XXL",6/22/2023,10/2/2023,"315 - Hooded Sweat Adult",8,17.75,142,39.99,319.92,0.556139035,XXL,374630
37463007," FZIP HOOD NCST/WLFHD BLK 3XL",6/22/2023,10/2/2023,"315 - Hooded Sweat Adult",4,20.25,81,42.99,171.96,0.528960223,3XL,374630
37463002," FZIP HOOD NCST/WLFHD BLK SM",6/26/2023,10/2/2023,"315 - Hooded Sweat Adult",11,17.75,195.25,39.99,439.89,0.556139035,SM,374630
37463003," FZIP HOOD NCST/WLFHD BLK MED",6/26/2023,10/2/2023,"315 - Hooded Sweat Adult",18,17.75,319.5,39.99,719.82,0.556139035,MED,374630
37463004," FZIP HOOD NCST/WLFHD BLK LG",6/26/2023,10/2/2023,"315 - Hooded Sweat Adult",18,17.75,319.5,39.99,719.82,0.556139035,LG,374630
37463005," FZIP HOOD NCST/WLFHD BLK XL",6/26/2023,10/2/2023,"315 - Hooded Sweat Adult",12,17.75,213,39.99,479.88,0.556139035,XL,374630
37463006," FZIP HOOD NCST/WLFHD BLK XXL",6/26/2023,10/2/2023,"315 - Hooded Sweat Adult",8,17.75,142,39.99,319.92,0.556139035,XXL,374630
37463007," FZIP HOOD NCST/WLFHD BLK 3XL",6/26/2023,10/2/2023,"315 - Hooded Sweat Adult",4,20.25,81,42.99,171.96,0.528960223,3XL,374630
61193202," OHT MENS RAGLAN HOODIE GRY/CAMO SM",2/6/2023,10/6/2023,"315 - Hooded Sweat Adult",12,34,408,74,888,0.540540541,SM,611932
61193203," OHT MENS RAGLAN HOODIE GRY/CAMO MED",2/6/2023,10/6/2023,"315 - Hooded Sweat Adult",24,34,816,74,1776,0.540540541,MED,611932
61193204," OHT MENS RAGLAN HOODIE GRY/CAMO LG",2/6/2023,10/6/2023,"315 - Hooded Sweat Adult",24,34,816,74,1776,0.540540541,LG,611932
61193205," OHT MENS RAGLAN HOODIE GRY/CAMO XL",2/6/2023,10/6/2023,"315 - Hooded Sweat Adult",24,34,816,74,1776,0.540540541,XL,611932
61193206," OHT MENS RAGLAN HOODIE GRY/CAMO XXL",2/6/2023,10/6/2023,"315 - Hooded Sweat Adult",8,34,272,74,592,0.540540541,XXL,611932
61193207," OHT MENS RAGLAN HOODIE GRY/CAMO 3XL",2/6/2023,10/6/2023,"315 - Hooded Sweat Adult",4,36.5,146,74,296,0.506756757,3XL,611932
61203202," OHT MENS POLY FLC HOODIE LT GRY/CAMO SM",2/6/2023,10/6/2023,"315 - Hooded Sweat Adult",12,34,408,72,864,0.527777778,SM,612032
61203203," OHT MENS POLY FLC HOODIE LT GRY/CAMO MED",2/6/2023,10/6/2023,"315 - Hooded Sweat Adult",24,34,816,72,1728,0.527777778,MED,612032
61203204," OHT MENS POLY FLC HOODIE LT GRY/CAMO LG",2/6/2023,10/6/2023,"315 - Hooded Sweat Adult",24,34,816,72,1728,0.527777778,LG,612032
61203205," OHT MENS POLY FLC HOODIE LT GRY/CAMO XL",2/6/2023,10/6/2023,"315 - Hooded Sweat Adult",24,34,816,72,1728,0.527777778,XL,612032
61203206," OHT MENS POLY FLC HOODIE LT GRY/CAMO XXL",2/6/2023,10/6/2023,"315 - Hooded Sweat Adult",8,34,272,72,576,0.527777778,XXL,612032
61203207," OHT MENS POLY FLC HOODIE LT GRY/CAMO 3XL",2/6/2023,10/6/2023,"315 - Hooded Sweat Adult",4,36.5,146,72,288,0.493055556,3XL,612032
61216002," OHT MENS POLY FLC HOODIE RD/CAMO SM",2/6/2023,10/6/2023,"315 - Hooded Sweat Adult",12,33,396,70,840,0.528571429,SM,612160
61216003," OHT MENS POLY FLC HOODIE RD/CAMO MED",2/6/2023,10/6/2023,"315 - Hooded Sweat Adult",24,33,792,70,1680,0.528571429,MED,612160
61216004," OHT MENS POLY FLC HOODIE RD/CAMO LG",2/6/2023,10/6/2023,"315 - Hooded Sweat Adult",24,33,792,70,1680,0.528571429,LG,612160
61216005," OHT MENS POLY FLC HOODIE RD/CAMO XL",2/6/2023,10/6/2023,"315 - Hooded Sweat Adult",24,33,792,70,1680,0.528571429,XL,612160
61216006," OHT MENS POLY FLC HOODIE RD/CAMO XXL",2/6/2023,10/6/2023,"315 - Hooded Sweat Adult",8,33,264,70,560,0.528571429,XXL,612160
61216007," OHT MENS POLY FLC HOODIE RD/CAMO 3XL",2/6/2023,10/6/2023,"315 - Hooded Sweat Adult",4,35.5,142,70,280,0.492857143,3XL,612160
1448002," UPCYCLED NCST HOOD ASST SM",8/25/2023,10/13/2023,"315 - Hooded Sweat Adult",6,36.59,219.54,74.99,449.94,0.512068276,SM,14480
1448003," UPCYCLED NCST HOOD ASST MED",8/25/2023,10/13/2023,"315 - Hooded Sweat Adult",12,36.59,439.08,74.99,899.88,0.512068276,MED,14480
1448004," UPCYCLED NCST HOOD ASST LG",8/25/2023,10/13/2023,"315 - Hooded Sweat Adult",14,36.59,512.26,74.99,1049.86,0.512068276,LG,14480
1448005," UPCYCLED NCST HOOD ASST XL",8/25/2023,10/13/2023,"315 - Hooded Sweat Adult",12,36.59,439.08,74.99,899.88,0.512068276,XL,14480
1448006," UPCYCLED NCST HOOD ASST XXL",8/25/2023,10/13/2023,"315 - Hooded Sweat Adult",4,41.46,165.84,74.99,299.96,0.447126284,XXL,14480
75563002," HOOD SWEAT BLK  SM",10/7/2023,10/13/2023,"315 - Hooded Sweat Adult",12,25.05,300.6,54.99,659.88,0.54446263,SM,755630
75563003," HOOD SWEAT BLK  MED",10/7/2023,10/13/2023,"315 - Hooded Sweat Adult",24,25.05,601.2,54.99,1319.76,0.54446263,MED,755630
75563004," HOOD SWEAT BLK  LG",10/7/2023,10/13/2023,"315 - Hooded Sweat Adult",24,25.05,601.2,54.99,1319.76,0.54446263,LG,755630
75563005," HOOD SWEAT BLK  XL",10/7/2023,10/13/2023,"315 - Hooded Sweat Adult",24,25.05,601.2,54.99,1319.76,0.54446263,XL,755630
75563006," HOOD SWEAT BLK  XXL",10/7/2023,10/13/2023,"315 - Hooded Sweat Adult",12,25.05,300.6,54.99,659.88,0.54446263,XXL,755630
75573204," HOOD SWEAT CHAR LG",10/7/2023,10/13/2023,"315 - Hooded Sweat Adult",12,25.05,300.6,54.99,659.88,0.54446263,LG,755732
75573205," HOOD SWEAT CHAR XL",10/7/2023,10/13/2023,"315 - Hooded Sweat Adult",18,25.05,450.9,54.99,989.82,0.54446263,XL,755732
75586004," HOOD SWEAT RED LG",10/7/2023,10/13/2023,"315 - Hooded Sweat Adult",18,25.05,450.9,54.99,989.82,0.54446263,LG,755860
75586006," HOOD SWEAT RED XXL",10/7/2023,10/13/2023,"315 - Hooded Sweat Adult",6,25.05,150.3,54.99,329.94,0.54446263,XXL,755860
75593502," HOOD SWEAT WHT SM",10/7/2023,10/13/2023,"315 - Hooded Sweat Adult",18,25.05,450.9,54.99,989.82,0.54446263,SM,755935
75593503," HOOD SWEAT WHT MED",10/7/2023,10/13/2023,"315 - Hooded Sweat Adult",24,25.05,601.2,54.99,1319.76,0.54446263,MED,755935
75593506," HOOD SWEAT WHT XXL",10/7/2023,10/13/2023,"315 - Hooded Sweat Adult",6,25.05,150.3,54.99,329.94,0.54446263,XXL,755935
75603002," HOOD SWEAT BLACK SM",10/7/2023,10/13/2023,"315 - Hooded Sweat Adult",12,25.05,300.6,54.99,659.88,0.54446263,SM,756030
75603003," HOOD SWEAT BLACK MED",10/7/2023,10/13/2023,"315 - Hooded Sweat Adult",18,25.05,450.9,54.99,989.82,0.54446263,MED,756030
75603004," HOOD SWEAT BLACK LG",10/7/2023,10/13/2023,"315 - Hooded Sweat Adult",24,25.05,601.2,54.99,1319.76,0.54446263,LG,756030
75603005," HOOD SWEAT BLACK XL",10/7/2023,10/13/2023,"315 - Hooded Sweat Adult",12,25.05,300.6,54.99,659.88,0.54446263,XL,756030
75603006," HOOD SWEAT BLACK XXL",10/7/2023,10/13/2023,"315 - Hooded Sweat Adult",6,25.05,150.3,54.99,329.94,0.54446263,XXL,756030
75633202," HOOD SWEAT   OXFORD GRY SM",10/7/2023,10/13/2023,"315 - Hooded Sweat Adult",12,25.06,300.72,54.99,659.88,0.544280778,SM,756332
75633203," HOOD SWEAT   OXFORD GRY MED",10/7/2023,10/13/2023,"315 - Hooded Sweat Adult",12,25.06,300.72,54.99,659.88,0.544280778,MED,756332
75633204," HOOD SWEAT   OXFORD GRY LG",10/7/2023,10/13/2023,"315 - Hooded Sweat Adult",24,25.06,601.44,54.99,1319.76,0.544280778,LG,756332
75633206," HOOD SWEAT   OXFORD GRY XXL",10/7/2023,10/13/2023,"315 - Hooded Sweat Adult",6,25.06,150.36,54.99,329.94,0.544280778,XXL,756332
20226002," PROMO HOOD WLFHD RED SM",6/26/2023,10/16/2023,"315 - Hooded Sweat Adult",18,15.12,272.16,34.99,629.82,0.567876536,SM,202260
20226003," PROMO HOOD WLFHD RED MED",6/26/2023,10/16/2023,"315 - Hooded Sweat Adult",30,15.12,453.6,34.99,1049.7,0.567876536,MED,202260
20226004," PROMO HOOD WLFHD RED LG",6/26/2023,10/16/2023,"315 - Hooded Sweat Adult",54,15.12,816.48,34.99,1889.46,0.567876536,LG,202260
20226005," PROMO HOOD WLFHD RED XL",6/26/2023,10/16/2023,"315 - Hooded Sweat Adult",30,15.12,453.6,34.99,1049.7,0.567876536,XL,202260
20226006," PROMO HOOD WLFHD RED XXL",6/26/2023,10/16/2023,"315 - Hooded Sweat Adult",12,15.12,181.44,34.99,419.88,0.567876536,XXL,202260
20233002," PROMO HOOD WLFHD BLK SM",6/26/2023,10/16/2023,"315 - Hooded Sweat Adult",12,15.12,181.44,34.99,419.88,0.567876536,SM,202330
20233003," PROMO HOOD WLFHD BLK MED",6/26/2023,10/16/2023,"315 - Hooded Sweat Adult",30,15.12,453.6,34.99,1049.7,0.567876536,MED,202330
20233004," PROMO HOOD WLFHD BLK LG",6/26/2023,10/16/2023,"315 - Hooded Sweat Adult",54,15.12,816.48,34.99,1889.46,0.567876536,LG,202330
20233005," PROMO HOOD WLFHD BLK XL",6/26/2023,10/16/2023,"315 - Hooded Sweat Adult",30,15.12,453.6,34.99,1049.7,0.567876536,XL,202330
20233006," PROMO HOOD WLFHD BLK XXL",6/26/2023,10/16/2023,"315 - Hooded Sweat Adult",12,15.12,181.44,34.99,419.88,0.567876536,XXL,202330
20233007," PROMO HOOD WLFHD BLK 3XL",6/26/2023,10/16/2023,"315 - Hooded Sweat Adult",6,17.56,105.36,36.99,221.94,0.525277102,3XL,202330
20243202," PROMO HOOD WLFHD ASH GRY SM",6/26/2023,10/16/2023,"315 - Hooded Sweat Adult",18,15.12,272.16,34.99,629.82,0.567876536,SM,202432
20243204," PROMO HOOD WLFHD ASH GRY LG",6/26/2023,10/16/2023,"315 - Hooded Sweat Adult",54,15.12,816.48,34.99,1889.46,0.567876536,LG,202432
20243205," PROMO HOOD WLFHD ASH GRY XL",6/26/2023,10/16/2023,"315 - Hooded Sweat Adult",30,15.12,453.6,34.99,1049.7,0.567876536,XL,202432
20243206," PROMO HOOD WLFHD ASH GRY XXL",6/26/2023,10/16/2023,"315 - Hooded Sweat Adult",12,15.12,181.44,34.99,419.88,0.567876536,XXL,202432
1293202," RWHOOD APP SLV GRY SM",9/1/2023,10/17/2023,"315 - Hooded Sweat Adult",12,40.84,490.08,82.99,995.88,0.507892517,SM,12932
1293203," RWHOOD APP SLV GRY MED",9/1/2023,10/17/2023,"315 - Hooded Sweat Adult",18,40.84,735.12,82.99,1493.82,0.507892517,MED,12932
1293204," RWHOOD APP SLV GRY LG",9/1/2023,10/17/2023,"315 - Hooded Sweat Adult",24,40.84,980.16,82.99,1991.76,0.507892517,LG,12932
1293205," RWHOOD APP SLV GRY XL",9/1/2023,10/17/2023,"315 - Hooded Sweat Adult",6,40.84,245.04,82.99,497.94,0.507892517,XL,12932
1253202," RWHOOD SILV GRY SM",9/1/2023,10/20/2023,"315 - Hooded Sweat Adult",15,33.16,497.4,69.99,1049.85,0.526218031,SM,12532
1253203," RWHOOD SILV GRY MED",9/1/2023,10/20/2023,"315 - Hooded Sweat Adult",36,33.16,1193.76,69.99,2519.64,0.526218031,MED,12532
1253204," RWHOOD SILV GRY LG",9/1/2023,10/20/2023,"315 - Hooded Sweat Adult",36,33.16,1193.76,69.99,2519.64,0.526218031,LG,12532
1253205," RWHOOD SILV GRY XL",9/1/2023,10/20/2023,"315 - Hooded Sweat Adult",6,33.16,198.96,69.99,419.94,0.526218031,XL,12532
20226002," PROMO HOOD WLFHD RED SM",6/22/2023,10/20/2023,"315 - Hooded Sweat Adult",18,15.13,272.34,34.99,629.82,0.56759074,SM,202260
20226003," PROMO HOOD WLFHD RED MED",6/22/2023,10/20/2023,"315 - Hooded Sweat Adult",30,15.13,453.9,34.99,1049.7,0.56759074,MED,202260
20226004," PROMO HOOD WLFHD RED LG",6/22/2023,10/20/2023,"315 - Hooded Sweat Adult",52,15.13,786.76,34.99,1819.48,0.56759074,LG,202260
20226005," PROMO HOOD WLFHD RED XL",6/22/2023,10/20/2023,"315 - Hooded Sweat Adult",30,15.13,453.9,34.99,1049.7,0.56759074,XL,202260
20226006," PROMO HOOD WLFHD RED XXL",6/22/2023,10/20/2023,"315 - Hooded Sweat Adult",12,15.13,181.56,34.99,419.88,0.56759074,XXL,202260
20233002," PROMO HOOD WLFHD BLK SM",6/22/2023,10/20/2023,"315 - Hooded Sweat Adult",18,15.13,272.34,34.99,629.82,0.56759074,SM,202330
20233003," PROMO HOOD WLFHD BLK MED",6/22/2023,10/20/2023,"315 - Hooded Sweat Adult",30,15.13,453.9,34.99,1049.7,0.56759074,MED,202330
20233004," PROMO HOOD WLFHD BLK LG",6/22/2023,10/20/2023,"315 - Hooded Sweat Adult",54,15.13,817.02,34.99,1889.46,0.56759074,LG,202330
20233005," PROMO HOOD WLFHD BLK XL",6/22/2023,10/20/2023,"315 - Hooded Sweat Adult",30,15.13,453.9,34.99,1049.7,0.56759074,XL,202330
20233006," PROMO HOOD WLFHD BLK XXL",6/22/2023,10/20/2023,"315 - Hooded Sweat Adult",12,15.13,181.56,34.99,419.88,0.56759074,XXL,202330
20233007," PROMO HOOD WLFHD BLK 3XL",6/22/2023,10/20/2023,"315 - Hooded Sweat Adult",6,17.56,105.36,36.99,221.94,0.525277102,3XL,202330
20243202," PROMO HOOD WLFHD ASH GRY SM",6/22/2023,10/20/2023,"315 - Hooded Sweat Adult",18,15.13,272.34,34.99,629.82,0.56759074,SM,202432
20243203," PROMO HOOD WLFHD ASH GRY MED",6/22/2023,10/20/2023,"315 - Hooded Sweat Adult",30,15.13,453.9,34.99,1049.7,0.56759074,MED,202432
20243204," PROMO HOOD WLFHD ASH GRY LG",6/22/2023,10/20/2023,"315 - Hooded Sweat Adult",51,15.13,771.63,34.99,1784.49,0.56759074,LG,202432
20243205," PROMO HOOD WLFHD ASH GRY XL",6/22/2023,10/20/2023,"315 - Hooded Sweat Adult",30,15.13,453.9,34.99,1049.7,0.56759074,XL,202432
20243206," PROMO HOOD WLFHD ASH GRY XXL",6/22/2023,10/20/2023,"315 - Hooded Sweat Adult",12,15.13,181.56,34.99,419.88,0.56759074,XXL,202432
1303002," RWHOOD NCST/WP BLK SM",10/10/2023,11/2/2023,"315 - Hooded Sweat Adult",12,33.16,397.92,69.99,839.88,0.526218031,SM,13030
1303003," RWHOOD NCST/WP BLK MED",10/10/2023,11/2/2023,"315 - Hooded Sweat Adult",18,33.16,596.88,69.99,1259.82,0.526218031,MED,13030
1303004," RWHOOD NCST/WP BLK LG",10/10/2023,11/2/2023,"315 - Hooded Sweat Adult",18,33.16,596.88,69.99,1259.82,0.526218031,LG,13030
1303005," RWHOOD NCST/WP BLK XL",10/10/2023,11/2/2023,"315 - Hooded Sweat Adult",18,33.16,596.88,69.99,1259.82,0.526218031,XL,13030
1303006," RWHOOD NCST/WP BLK XXL",10/10/2023,11/2/2023,"315 - Hooded Sweat Adult",6,33.16,198.96,69.99,419.94,0.526218031,XXL,13030
4833202," HOODIE OXF GRY SM",10/10/2023,11/3/2023,"315 - Hooded Sweat Adult",12,24.09,289.08,52.99,635.88,0.545385922,SM,48332
4833203," HOODIE OXF GRY MED",10/10/2023,11/3/2023,"315 - Hooded Sweat Adult",18,24.09,433.62,52.99,953.82,0.545385922,MED,48332
4833204," HOODIE OXF GRY LG",10/10/2023,11/3/2023,"315 - Hooded Sweat Adult",18,24.09,433.62,52.99,953.82,0.545385922,LG,48332
4833205," HOODIE OXF GRY XL",10/10/2023,11/3/2023,"315 - Hooded Sweat Adult",18,24.09,433.62,52.99,953.82,0.545385922,XL,48332
4833206," HOODIE OXF GRY XXL",10/10/2023,11/3/2023,"315 - Hooded Sweat Adult",6,24.09,144.54,52.99,317.94,0.545385922,XXL,48332
75573203," HOOD SWEAT CHAR MED",11/16/2023,11/29/2023,"315 - Hooded Sweat Adult",18,25.06,451.08,54.99,989.82,0.544280778,MED,755732
75573204," HOOD SWEAT CHAR LG",11/16/2023,11/29/2023,"315 - Hooded Sweat Adult",18,25.06,451.08,54.99,989.82,0.544280778,LG,755732
75586002," HOOD SWEAT RED SM",11/16/2023,11/29/2023,"315 - Hooded Sweat Adult",6,25.06,150.36,54.99,329.94,0.544280778,SM,755860
75586003," HOOD SWEAT RED MED",11/16/2023,11/29/2023,"315 - Hooded Sweat Adult",24,25.06,601.44,54.99,1319.76,0.544280778,MED,755860
75586004," HOOD SWEAT RED LG",11/16/2023,11/29/2023,"315 - Hooded Sweat Adult",24,25.06,601.44,54.99,1319.76,0.544280778,LG,755860
75586005," HOOD SWEAT RED XL",11/16/2023,11/29/2023,"315 - Hooded Sweat Adult",12,25.06,300.72,54.99,659.88,0.544280778,XL,755860
75586006," HOOD SWEAT RED XXL",11/16/2023,11/29/2023,"315 - Hooded Sweat Adult",6,25.06,150.36,54.99,329.94,0.544280778,XXL,755860
75593502," HOOD SWEAT WHT SM",11/16/2023,11/29/2023,"315 - Hooded Sweat Adult",12,25.06,300.72,54.99,659.88,0.544280778,SM,755935
75593503," HOOD SWEAT WHT MED",11/16/2023,11/29/2023,"315 - Hooded Sweat Adult",12,25.06,300.72,54.99,659.88,0.544280778,MED,755935
75593504," HOOD SWEAT WHT LG",11/16/2023,11/29/2023,"315 - Hooded Sweat Adult",24,25.06,601.44,54.99,1319.76,0.544280778,LG,755935
75593505," HOOD SWEAT WHT XL",11/16/2023,11/29/2023,"315 - Hooded Sweat Adult",12,25.06,300.72,54.99,659.88,0.544280778,XL,755935
75593506," HOOD SWEAT WHT XXL",11/16/2023,11/29/2023,"315 - Hooded Sweat Adult",6,25.06,150.36,54.99,329.94,0.544280778,XXL,755935
75563002," HOOD SWEAT BLK  SM",11/16/2023,12/1/2023,"315 - Hooded Sweat Adult",18,25.06,451.08,54.99,989.82,0.544280778,SM,755630
75563003," HOOD SWEAT BLK  MED",11/16/2023,12/1/2023,"315 - Hooded Sweat Adult",36,25.06,902.16,54.99,1979.64,0.544280778,MED,755630
75563004," HOOD SWEAT BLK  LG",11/16/2023,12/1/2023,"315 - Hooded Sweat Adult",36,25.06,902.16,54.99,1979.64,0.544280778,LG,755630
75563005," HOOD SWEAT BLK  XL",11/16/2023,12/1/2023,"315 - Hooded Sweat Adult",24,25.06,601.44,54.99,1319.76,0.544280778,XL,755630
75603002," HOOD SWEAT BLACK SM",11/16/2023,12/1/2023,"315 - Hooded Sweat Adult",18,25.06,451.08,54.99,989.82,0.544280778,SM,756030
75603003," HOOD SWEAT BLACK MED",11/16/2023,12/1/2023,"315 - Hooded Sweat Adult",24,25.06,601.44,54.99,1319.76,0.544280778,MED,756030
75603004," HOOD SWEAT BLACK LG",11/16/2023,12/1/2023,"315 - Hooded Sweat Adult",24,25.06,601.44,54.99,1319.76,0.544280778,LG,756030
75603005," HOOD SWEAT BLACK XL",11/16/2023,12/1/2023,"315 - Hooded Sweat Adult",18,25.06,451.08,54.99,989.82,0.544280778,XL,756030
75603006," HOOD SWEAT BLACK XXL",11/16/2023,12/1/2023,"315 - Hooded Sweat Adult",12,25.06,300.72,54.99,659.88,0.544280778,XXL,756030
75613202," HOOD SWEAT   CHAR SM",11/16/2023,12/1/2023,"315 - Hooded Sweat Adult",18,25.06,451.08,54.99,989.82,0.544280778,SM,756132
75613203," HOOD SWEAT   CHAR MED",11/16/2023,12/1/2023,"315 - Hooded Sweat Adult",24,25.06,601.44,54.99,1319.76,0.544280778,MED,756132
75613204," HOOD SWEAT   CHAR LG",11/16/2023,12/1/2023,"315 - Hooded Sweat Adult",18,25.06,451.08,54.99,989.82,0.544280778,LG,756132
75613205," HOOD SWEAT   CHAR XL",11/16/2023,12/1/2023,"315 - Hooded Sweat Adult",12,25.06,300.72,54.99,659.88,0.544280778,XL,756132
75613206," HOOD SWEAT   CHAR XXL",11/16/2023,12/1/2023,"315 - Hooded Sweat Adult",6,25.06,150.36,54.99,329.94,0.544280778,XXL,756132
75633202," HOOD SWEAT   OXFORD GRY SM",11/16/2023,12/1/2023,"315 - Hooded Sweat Adult",6,25.06,150.36,54.99,329.94,0.544280778,SM,756332
75633203," HOOD SWEAT   OXFORD GRY MED",11/16/2023,12/1/2023,"315 - Hooded Sweat Adult",24,25.06,601.44,54.99,1319.76,0.544280778,MED,756332
75633204," HOOD SWEAT   OXFORD GRY LG",11/16/2023,12/1/2023,"315 - Hooded Sweat Adult",18,25.06,451.08,54.99,989.82,0.544280778,LG,756332
75633205," HOOD SWEAT   OXFORD GRY XL",11/16/2023,12/1/2023,"315 - Hooded Sweat Adult",12,25.06,300.72,54.99,659.88,0.544280778,XL,756332
75633206," HOOD SWEAT   OXFORD GRY XXL",11/16/2023,12/1/2023,"315 - Hooded Sweat Adult",6,25.06,150.36,54.99,329.94,0.544280778,XXL,756332
75626002," HOOD SWEAT   RED SM",11/16/2023,12/4/2023,"315 - Hooded Sweat Adult",6,25.06,150.36,54.99,329.94,0.544280778,SM,756260
75626003," HOOD SWEAT   RED MED",11/16/2023,12/4/2023,"315 - Hooded Sweat Adult",12,25.06,300.72,54.99,659.88,0.544280778,MED,756260
75626004," HOOD SWEAT   RED LG",11/16/2023,12/4/2023,"315 - Hooded Sweat Adult",24,25.06,601.44,54.99,1319.76,0.544280778,LG,756260
75626005," HOOD SWEAT   RED XL",11/16/2023,12/4/2023,"315 - Hooded Sweat Adult",12,25.06,300.72,54.99,659.88,0.544280778,XL,756260
75626006," HOOD SWEAT   RED XXL",11/16/2023,12/4/2023,"315 - Hooded Sweat Adult",6,25.06,150.36,54.99,329.94,0.544280778,XXL,756260
75586002," HOOD SWEAT RED SM",12/7/2023,12/15/2023,"315 - Hooded Sweat Adult",12,25.06,300.72,54.99,659.88,0.544280778,SM,755860
75586003," HOOD SWEAT RED MED",12/7/2023,12/15/2023,"315 - Hooded Sweat Adult",12,25.06,300.72,54.99,659.88,0.544280778,MED,755860
75586004," HOOD SWEAT RED LG",12/7/2023,12/15/2023,"315 - Hooded Sweat Adult",18,25.06,451.08,54.99,989.82,0.544280778,LG,755860
75586005," HOOD SWEAT RED XL",12/7/2023,12/15/2023,"315 - Hooded Sweat Adult",12,25.06,300.72,54.99,659.88,0.544280778,XL,755860
75593502," HOOD SWEAT WHT SM",12/7/2023,12/15/2023,"315 - Hooded Sweat Adult",18,25.06,451.08,54.99,989.82,0.544280778,SM,755935
75593503," HOOD SWEAT WHT MED",12/7/2023,12/15/2023,"315 - Hooded Sweat Adult",18,25.06,451.08,54.99,989.82,0.544280778,MED,755935
75593505," HOOD SWEAT WHT XL",12/7/2023,12/15/2023,"315 - Hooded Sweat Adult",12,25.06,300.72,54.99,659.88,0.544280778,XL,755935
75626003," HOOD SWEAT   RED MED",12/7/2023,12/15/2023,"315 - Hooded Sweat Adult",24,25.06,601.44,54.99,1319.76,0.544280778,MED,756260
